date,novaculaRev,module,decl,gateOk,axiomsOk,size,consts,binderDepth,branches,directDeps,leanVersion,cost
2026-09-28,8f503d4,MscProofs,Koja.boxTimesL_apply,true,true,435,68,5,0,68,4.34.1,84122
2026-09-28,8f503d4,MscProofs,Koja.boxTimes_add_left,true,true,24851,155,59,1,155,4.34.1,29265
2026-09-28,8f503d4,MscProofs,Koja.boxTimes_add_right,true,true,206,21,6,0,21,4.34.1,47176
2026-09-28,8f503d4,MscProofs,Koja.boxTimes_comm,true,true,17705,144,58,1,144,4.34.1,21877
2026-09-28,8f503d4,MscProofs,Koja.boxTimes_smul_left,true,true,20889,150,59,1,150,4.34.1,25187
2026-09-28,8f503d4,MscProofs,Koja.boxTimes_smul_right,true,true,184,22,6,0,22,4.34.1,43136
2026-09-28,8f503d4,MscProofs,Koja.boxTimes_smul_smul,true,true,303,38,7,0,38,4.34.1,43671
2026-09-28,8f503d4,MscProofs,Koja.boxTimes_vecMulVec,true,true,25225,174,59,1,174,4.34.1,31570
2026-09-28,8f503d4,MscProofs,Koja.boxTimesₗ_apply,true,true,238,33,5,0,33,4.34.1,69886
2026-09-28,8f503d4,MscProofs,Koja.chebyshev_multivariate,true,true,3000,287,19,0,287,4.34.1,55667
2026-09-28,8f503d4,MscProofs,Koja.chebyshev_multivariate_const,true,true,928,108,14,0,108,4.34.1,3952
2026-09-28,8f503d4,MscProofs,Koja.covMat_cross,true,true,3395,230,32,0,230,4.34.1,216379
2026-09-28,8f503d4,MscProofs,Koja.covMat_cross_mulVec,true,true,1542,205,17,0,205,4.34.1,228840
2026-09-28,8f503d4,MscProofs,Koja.covMat_mulVec,true,true,1589,117,33,0,117,4.34.1,18313
2026-09-28,8f503d4,MscProofs,Koja.covMat_mulVec_cross,true,true,561,90,14,0,90,4.34.1,232734
2026-09-28,8f503d4,MscProofs,Koja.covMat_smul,true,true,910,82,12,0,82,4.34.1,4709
2026-09-28,8f503d4,MscProofs,Koja.covMat_smul_cross,true,true,999,126,15,0,126,4.34.1,220139
2026-09-28,8f503d4,MscProofs,Koja.covMat_sum,true,true,865,74,18,0,74,4.34.1,62260
2026-09-28,8f503d4,MscProofs,Koja.covMat_sum_mulVec,true,true,1448,152,19,0,152,4.34.1,74541
2026-09-28,8f503d4,MscProofs,Koja.covMat_sum_mulVec_succ,true,true,535,68,15,0,68,4.34.1,75181
2026-09-28,8f503d4,MscProofs,Koja.integrable_outer,true,true,241,39,9,0,39,4.34.1,12307
2026-09-28,8f503d4,MscProofs,Koja.integrable_sq_sub_mean,true,true,286,55,10,0,55,4.34.1,15652
2026-09-28,8f503d4,MscProofs,Koja.integral_eq_zero_of_eval,true,true,348,42,9,0,42,4.34.1,15234
2026-09-28,8f503d4,MscProofs,Koja.integral_outer_apply,true,true,440,54,10,0,54,4.34.1,18480
2026-09-28,8f503d4,MscProofs,Koja.integral_rotZ_mulVec,true,true,7631,305,38,1,305,4.34.1,54490
2026-09-28,8f503d4,MscProofs,Koja.integral_sum_sq_sub_mean,true,true,462,77,11,0,77,4.34.1,19263
2026-09-28,8f503d4,MscProofs,Koja.measurable_outer,true,true,152,28,4,0,28,4.34.1,756
2026-09-28,8f503d4,MscProofs,Koja.memLp_cross,true,true,1680,101,40,1,101,4.34.1,41688
2026-09-28,8f503d4,MscProofs,Koja.memLp_two_mul_of_indepFun,true,true,699,97,22,1,97,4.34.1,31363
2026-09-28,8f503d4,MscProofs,Koja.outer_cross,true,true,712,85,5,0,85,4.34.1,111367
2026-09-28,8f503d4,MscProofs,Koja.trendLine,true,true,9115,411,15,2,411,4.34.1,75336
2026-09-28,8f503d4,MscProofs,*,true,true,,,,,,4.34.1,335301
